{"cameraMode":{"drawMode":0,"name":"Shaded","section":"Shading Mode"},"sceneLighting":true,"audioPlay":false,"sceneViewState":{"showFog":true,"showMaterialUpdate":false,"showSkybox":true,"showFlares":true,"showImageEffects":true,"showParticleSystems":true},"in2DMode":false,"pivot":{"x":-0.7716546058654785,"y":-0.3585019111633301,"z":1.5689587593078614},"rotation":{"x":0.16555021703243257,"y":-0.3176579475402832,"z":0.056447163224220279,"w":0.9319576621055603},"size":5.820141792297363,"orthographic":false}